시설종류,대상시설명,소재지도로명주소,소재지지번주소,위도,경도,관리기관명,관할경찰서명,CCTV설치여부,CCTV설치대수,보호구역도로폭,데이터기준일자
어린이집,가람어린이집(해담은어린이집),경기도 화성시 효행구 봉담읍 샘마을1길 27,경기도 화성시 효행구 봉담읍 상리 11-60번지,37.2180949,126.9510841,경기도 화성시 효행구 안전건설과,화성서부경찰서,N,,,2026-02-01
초등학교,갈담초등학교,경기도 화성시 효행구 봉담읍 갈담초교길 24,경기도 화성시 효행구 봉담읍 유리 86번지,37.17514004,126.932909,경기도 화성시 효행구 안전건설과,화성서부경찰서,N,,,2026-02-01
초등학교,갈천초등학교,경기도 화성시 만세구 만세구 향남읍 발안로 701-23,경기도 화성시 만세구 향남읍 갈천리 156-1번지,37.12724576,126.9804858,경기도 화성시 만세구 경제교통과,화성서부경찰서,N,,,2026-02-01
유치원,경기유치원,경기도 화성시 병점구 한신대길 65-33,경기도 화성시 병점구 안녕동 1-1번지,37.19971533,127.0266752,경기도 화성시 병점구 안전건설과,화성동탄경찰서,N,,,2026-02-01
초등학교,고정초등학교,경기도 화성시 만세구 송산면 공룡로 326,경기도 화성시 만세구 송산면 고정리 1103번지,37.23771628,126.7381741,경기도 화성시 만세구 경제교통과,화성서부경찰서,N,,,2026-02-01
초등학교,구봉초등학교,경기도 화성시 병점구 병점1로 105,경기도 화성시 병점구 병점동 862번지,37.20565996,127.0448126,경기도 화성시 병점구 안전건설과,화성동탄경찰서,N,,,2026-02-01
초등학교,금곡초등학교,경기도 화성시 동탄구 동탄문화센터로 13,경기도 화성시 동탄구 반송동 78번지,37.19863407,127.0662175,경기도 화성시 동탄구 경제교통과,화성동탄경찰서,N,,,2026-02-01
초등학교,기산초등학교,경기도 화성시 병점구 동탄지성로 344,경기도 화성시 병점구 반월동 705-4번지,37.22460078,127.0507334,경기도 화성시 병점구 안전건설과,화성동탄경찰서,N,,,2026-02-01
초등학교,기안초등학교,경기도 화성시 효행구 기안길 18,경기도 화성시 효행구 기안동 226번지,37.22536277,126.9821455,경기도 화성시 효행구 안전건설과,화성동탄경찰서,N,,,2026-02-01
유치원,깊은샘유치원,경기도 화성시 만세구 향남읍 행정서로2길 21,경기도 화성시 만세구 향남읍 행정리 422번지,37.13007595,126.9126298,경기도 화성시 만세구 경제교통과,화성서부경찰서,N,,,2026-02-01
어린이집,꽃내음어린이집,경기도 화성시 효행구 비봉면 비봉로 136-3,경기도 화성시 효행구 비봉면 양노리 301-4번지,37.23582176,126.866111,경기도 화성시 효행구 안전건설과,화성서부경찰서,N,,,2026-02-01
유치원,나인유치원,경기도 화성시 병점구 여울로 115,경기도 화성시 병점구 능동 528-8번지,37.20975486,127.052512,경기도 화성시 병점구 안전건설과,화성동탄경찰서,N,,,2026-02-01
어린이집,남양영재어린이집,경기도 화성시 만세구 남양읍 화성로1155번길 11-10,경기도 화성시 만세구 남양읍 남양리 176-4번지,37.2112806,126.809599,경기도 화성시 만세구 경제교통과,화성서부경찰서,N,,,2026-02-01
초등학교,남양초등학교,경기도 화성시 만세구 남양읍 남양시장로55번길 7,경기도 화성시 만세구 남양읍 남양리 650-1번지,37.21038035,126.8155734,경기도 화성시 만세구 경제교통과,화성서부경찰서,N,,,2026-02-01
초등학교,내리숲초등학교,경기도 화성시 효행구 봉담읍 삼봉안1길 21-7,경기도 화성시 효행구 봉담읍 내리 560,37.22568963,126.9239792,경기도 화성시 효행구 안전건설과,화성서부경찰서,N,,,2026-02-01
초등학교,노진초등학교,경기도 화성시 만세구 장안면 화곡로 166,경기도 화성시 만세구 장안면 노진리 506-6번지,37.05160265,126.8091907,경기도 화성시 만세구 경제교통과,화성서부경찰서,N,,,2026-02-01
초등학교,늘봄초등학교,경기도 화성시 동탄구 동탄대로24길 51,경기도 화성시 동탄구 영천동 885번지,37.21736028,127.109816,경기도 화성시 동탄구 경제교통과,화성동탄경찰서,N,,,2026-02-01
유치원,늘푸른유치원,경기도 화성시 효행구 배양북길32번길 18-11,경기도 화성시 효행구 배양동 19-260번지,37.22357662,126.9955793,경기도 화성시 효행구 안전건설과,화성동탄경찰서,N,,,2026-02-01
초등학교,능동초등학교,경기도 화성시 동탄구 동탄원천로 315-27,경기도 화성시 동탄구 능동 1085번지,37.21331507,127.058872,경기도 화성시 동탄구 경제교통과,화성동탄경찰서,N,,,2026-02-01
초등학교,다원초등학교,경기도 화성시 동탄구 동탄대로24길 112,경기도 화성시 동탄구 영천동 894번지,37.21242386,127.1109807,경기도 화성시 동탄구 경제교통과,화성동탄경찰서,N,,,2026-02-01
유치원,다일유치원,경기도 화성시 병점구 병점중앙로242번길 15-5,경기도 화성시 병점구 진안동 921번지,37.21915717,127.0363005,경기도 화성시 병점구 안전건설과,화성동탄경찰서,N,,,2026-02-01
초등학교,대양초등학교,경기도 화성시 만세구 남양읍 시청로32번길 80,경기도 화성시 만세구 남양읍 남양리 2311번지,37.20031947,126.8217358,경기도 화성시 만세구 경제교통과,화성서부경찰서,N,,,2026-02-01
초등학교,도이초등학교,경기도 화성시 만세구 향남읍 행정동로 87,경기도 화성시 만세구 향남읍 행정리 476번지,37.13263324,126.9261164,경기도 화성시 만세구 경제교통과,화성서부경찰서,N,,,2026-02-01
유치원,동실유치원,경기도 화성시 병점구 병점동로 45-3,경기도 화성시 병점구 병점동 259-8번지,37.20848736,127.0428842,경기도 화성시 병점구 안전건설과,화성동탄경찰서,N,,,2026-02-01
초등학교,동양초등학교,경기도 화성시 만세구 남양읍 시청로45번길 11,경기도 화성시 만세구 남양읍 남양리 1651번지,37.20699234,126.8221898,경기도 화성시 만세구 경제교통과,화성서부경찰서,N,,,2026-02-01
유치원,동탄꿈의 유치원,경기도 화성시 동탄구 노작로4길 5-4,경기도 화성시 동탄구 반송동 120-6번지,37.19698675,127.077249,경기도 화성시 동탄구 경제교통과,화성동탄경찰서,N,,,2026-02-01
초등학교,동탄목동초등학교,경기도 화성시 동탄구 동탄순환대로20길 10,경기도 화성시 동탄구 목동 482번지,37.18938961,127.1243164,경기도 화성시 동탄구 경제교통과,화성동탄경찰서,N,,,2026-02-01
어린이집,동탄산단해솔어린이집,경기도 화성시 동탄구 동탄산단6길 12,경기도 화성시 동탄구 방교동 857번지,37.16838175,127.0870611,경기도 화성시 동탄구 경제교통과,화성동탄경찰서,N,,,2026-02-01
유치원,동탄유치원,경기도 화성시 동탄구 동탄기흥로353번길 17,경기도 화성시 동탄구 오산동 1003번지,37.19148354,127.0907657,경기도 화성시 동탄구 경제교통과,화성동탄경찰서,N,,,2026-02-01
초등학교,동탄중앙초등학교,경기도 화성시 동탄구 동탄대로시범길 117,경기도 화성시 동탄구 청계동 529번지,37.19928404,127.1112669,경기도 화성시 동탄구 경제교통과,화성동탄경찰서,N,,,2026-02-01
초등학교,동탄초등학교,경기도 화성시 동탄구 동탄감배산로 26,경기도 화성시 동탄구 오산동 1005번지,37.18903472,127.0911507,경기도 화성시 동탄구 경제교통과,화성동탄경찰서,N,,,2026-02-01
어린이집,동탄푸른어린이집,경기도 화성시 동탄구 10용사로 360,경기도 화성시 동탄구 능동 977-3번지,37.19895516,127.0580557,경기도 화성시 동탄구 경제교통과,화성동탄경찰서,N,,,2026-02-01
유치원,동탄프라임유치원,경기도 화성시 동탄구 동탄공원로2길 7,경기도 화성시 동탄구 반송동 55번지,37.20649913,127.0607426,경기도 화성시 동탄구 경제교통과,화성동탄경찰서,N,,,2026-02-01
유치원,동탄호수유치원,경기도 화성시 동탄구 동탄대로6길 62,경기도 화성시 동탄구 산척동 산 110,37.16808743,127.1135961,경기도 화성시 동탄구 경제교통과,화성동탄경찰서,N,,,2026-02-01
유치원,동하유치원,경기도 화성시 동탄구 동탄대로9길 19,경기도 화성시 동탄구 송동 693번지 동탄2신도시하우스디더레이크,37.17295103,127.102874,경기도 화성시 동탄구 경제교통과,화성동탄경찰서,N,,,2026-02-01
초등학교,동학초등학교,경기도 화성시 병점구 영통로27번길 46,경기도 화성시 병점구 반월동 165-2번지,37.23308253,127.0594368,경기도 화성시 병점구 안전건설과,화성동탄경찰서,N,,,2026-02-01
초등학교,동화초등학교,경기도 화성시 효행구 봉담읍 동화새터길 130,경기도 화성시 효행구 봉담읍 동화리 606번지,37.21532013,126.9613628,경기도 화성시 효행구 안전건설과,화성서부경찰서,N,,,2026-02-01
어린이집,두레어린이집,경기도 화성시 만세구 우정읍 두레길 13,경기도 화성시 만세구 우정읍 화산리 701-18번지,37.05723838,126.7956463,경기도 화성시 만세구 경제교통과,화성서부경찰서,N,,,2026-02-01
유치원,라온유치원,경기도 화성시 동탄구 동탄순환대로16길 6-13,경기도 화성시 동탄구 산척동 807-12번지,37.17260295,127.1218907,경기도 화성시 동탄구 경제교통과,화성동탄경찰서,N,,,2026-02-01
어린이집,로뎀나무어린이집,경기도 화성시 만세구 남양읍 화성로1081번길 49-1,경기도 화성시 만세구 남양읍 남양리 255-9번지,37.21047528,126.8033903,경기도 화성시 만세구 경제교통과,화성서부경찰서,N,,,2026-02-01
초등학교,마도초등학교,경기도 화성시 만세구 마도면 석교로 157,경기도 화성시 만세구 마도면 석교리 248번지,37.20418423,126.7726627,경기도 화성시 만세구 경제교통과,화성서부경찰서,N,,,2026-02-01
초등학교,마산초등학교,경기도 화성시 만세구 송산면 송산포도로 582,경기도 화성시 만세구 송산면 마산리 326-3번지,37.23180131,126.6918993,경기도 화성시 만세구 경제교통과,화성서부경찰서,N,,,2026-02-01
초등학교,매송초등학교,경기도 화성시 만세구 매송면 화성로 2403,경기도 화성시 만세구 매송면 원평리 67-1번지,37.24980641,126.9282436,경기도 화성시 만세구 경제교통과,화성서부경찰서,N,,,2026-02-01
어린이집,명문어린이집,경기도 화성시 만세구 남양읍 남양성지로 22-14,경기도 화성시 만세구 남양읍 남양리 431번지,37.20466368,126.8053453,경기도 화성시 만세구 경제교통과,화성서부경찰서,N,,,2026-02-01
유치원,무봉유치원,경기도 화성시 동탄구 동탄치동천로3길 9-7,경기도 화성시 동탄구 영천동 741-4번지,37.20378851,127.1237721,경기도 화성시 동탄구 경제교통과,화성동탄경찰서,N,,,2026-02-01
초등학교,무봉초등학교,경기도 화성시 동탄구 동탄청계로 303-34,경기도 화성시 동탄구 청계동 549번지,37.20299623,127.1168391,경기도 화성시 동탄구 경제교통과,화성동탄경찰서,N,,,2026-02-01
어린이집,무지개어린이집,경기도 화성시 효행구 봉담읍 생수길 39-1,경기도 화성시 효행구 봉담읍 왕림리 535-4번지,37.19132308,126.9418046,경기도 화성시 효행구 안전건설과,화성서부경찰서,N,,,2026-02-01
어린이집,미래숲어린이집,경기도 화성시 효행구 봉담읍 최루백로 286,경기도 화성시 효행구 봉담읍 분천리 148-10번지,37.19983541,126.9661427,경기도 화성시 효행구 안전건설과,화성서부경찰서,N,,,2026-02-01
유치원,바다유치원,경기도 화성시 만세구 향남읍 행정서로1길 53,경기도 화성시 만세구 향남읍 행정리 424번지,37.1295607,126.9148291,경기도 화성시 만세구 경제교통과,화성서부경찰서,N,,,2026-02-01
유치원,반디유치원,경기도 화성시 병점구 병점4로 126,경기도 화성시 병점구 진안동 912-2번지,37.21734148,127.0437434,경기도 화성시 병점구 안전건설과,화성동탄경찰서,N,,,2026-02-01
초등학교,반석초등학교,경기도 화성시 동탄구 동탄반석로 22,경기도 화성시 동탄구 반송동 223번지,37.19369946,127.0783219,경기도 화성시 동탄구 경제교통과,화성동탄경찰서,N,,,2026-02-01
초등학교,반송초등학교,경기도 화성시 동탄구 동탄솔빛로 14,경기도 화성시 동탄구 반송동 199번지,37.19076668,127.070177,경기도 화성시 동탄구 경제교통과,화성동탄경찰서,N,,,2026-02-01
초등학교,발안초등학교,경기도 화성시 만세구 향남읍 발안로 8,경기도 화성시 만세구 향남읍 행정리 392-2번지,37.13041863,126.9123884,경기도 화성시 만세구 경제교통과,화성서부경찰서,N,,,2026-02-01
초등학교,방교초등학교,경기도 화성시 동탄구 동탄산척로1길 11,경기도 화성시 동탄구 송동 689번지,37.17326405,127.1015231,경기도 화성시 동탄구 경제교통과,화성동탄경찰서,N,,,2026-02-01
초등학교,배양초등학교,경기도 화성시 효행구 융건로 90,경기도 화성시 효행구 배양동 76번지,37.21885531,126.9887553,경기도 화성시 효행구 안전건설과,화성동탄경찰서,N,,,2026-02-01
초등학교,벌말초등학교,경기도 화성시 병점구 떡전골로 34,경기도 화성시 병점구 병점동 415-2번지,37.2025813,127.0379586,경기도 화성시 병점구 안전건설과,화성동탄경찰서,N,,,2026-02-01
어린이집,병점뉴질랜드어린이집,경기도 화성시 병점구 병점로 18-1,경기도 화성시 병점구 병점동 346-8번지,37.20932133,127.0371903,경기도 화성시 병점구 안전건설과,화성동탄경찰서,N,,,2026-02-01
초등학교,병점초등학교,경기도 화성시 병점구 경기대로 1052,경기도 화성시 병점구 진안동 517-2번지,37.21024362,127.0338907,경기도 화성시 병점구 안전건설과,화성동탄경찰서,N,,,2026-02-01
어린이집,보리어린이집,경기도 화성시 만세구 남양읍 역골중앙로41번길 1,경기도 화성시 만세구 남양읍 남양리 2032-13번지,37.20352053,126.8285619,경기도 화성시 만세구 경제교통과,화성서부경찰서,N,,,2026-02-01
어린이집,보림어린이집,경기도 화성시 효행구 봉담읍 동화새터길 39,경기도 화성시 효행구 봉담읍 동화리 438-1번지,37.22208576,126.956232,경기도 화성시 효행구 안전건설과,화성서부경찰서,N,,,2026-02-01
초등학교,봉담초등학교,경기도 화성시 효행구 봉담읍 진등3길 15,경기도 화성시 효행구 봉담읍 상리 39-10번지,37.22280569,126.9473597,경기도 화성시 효행구 안전건설과,화성서부경찰서,N,,,2026-02-01
초등학교,비봉초등학교,경기도 화성시 효행구 비봉면 양노로 71,경기도 화성시 효행구 비봉면 삼화리 537번지,37.23701249,126.8690057,경기도 화성시 효행구 안전건설과,화성서부경찰서,N,,,2026-02-01
유치원,비손유치원,경기도 화성시 효행구 봉담읍 샘마을길 22-13,경기도 화성시 효행구 봉담읍 상리 24-7번지,37.21747004,126.9490094,경기도 화성시 효행구 안전건설과,화성서부경찰서,N,,,2026-02-01
유치원,빛여울유치원,경기도 화성시 동탄구 동탄대로1길 58,경기도 화성시 동탄구 장지동 918번지,37.16142357,127.0980532,경기도 화성시 동탄구 경제교통과,화성동탄경찰서,N,,,2026-02-01
초등학교,사창초등학교,경기도 화성시 만세구 양감면 정문회화로 7,경기도 화성시 만세구 양감면 사창리 409번지,37.09200273,126.9730915,경기도 화성시 만세구 경제교통과,화성서부경찰서,N,,,2026-02-01
초등학교,상봉초등학교,경기도 화성시 효행구 봉담읍 상봉길 52,경기도 화성시 효행구 봉담읍 동화리 569번지,37.21816941,126.954942,경기도 화성시 효행구 안전건설과,화성서부경찰서,N,,,2026-02-01
초등학교,상신초등학교,경기도 화성시 만세구 만세구 향남읍 손개길 7,경기도 화성시 만세구 향남읍 상신리 546,37.09917091,126.898188,경기도 화성시 만세구 경제교통과,화성서부경찰서,N,,,2026-02-01
유치원,새봄유치원,경기도 화성시 병점구 서동탄로 28,경기도 화성시 병점구 능동 1286번지,37.20097614,127.0477877,경기도 화성시 병점구 안전건설과,화성동탄경찰서,N,,,2026-02-01
초등학교,새봄초등학교,경기도 화성시 병점구 병점노을로 19,경기도 화성시 병점구 병점동 756-263번지,37.20146101,127.0297554,경기도 화성시 병점구 안전건설과,화성동탄경찰서,N,,,2026-02-01
유치원,새솔유치원,경기도 화성시 만세구 큰나래1길 27,경기도 화성시 만세구 새솔동 156번지,37.27285411,126.8289776,경기도 화성시 만세구 경제교통과,화성서부경찰서,N,,,2026-02-01
초등학교,새솔초등학교,경기도 화성시 만세구 수노을1로 148,경기도 화성시 만세구 새솔동 14번지 송산신도시대방노블랜드더퍼스티지1차,37.28604949,126.8201777,경기도 화성시 만세구 경제교통과,화성서부경찰서,N,,,2026-02-01
초등학교,서경초등학교,경기도 화성시 병점구 동탄지성로 265,경기도 화성시 병점구 기산동 477번지,37.21702273,127.0508488,경기도 화성시 병점구 안전건설과,화성동탄경찰서,N,,,2026-02-01
초등학교,서신초등학교,경기도 화성시 만세구 서신면 매화3길 17,경기도 화성시 만세구 서신면 매화리 333번지,37.17011249,126.7078399,경기도 화성시 만세구 경제교통과,화성서부경찰서,N,,,2026-02-01
유치원,서연유치원,경기도 화성시 동탄구 동탄순환대로8길 58,경기도 화성시 동탄구 장지동 965번지,37.16081544,127.1088121,경기도 화성시 동탄구 경제교통과,화성동탄경찰서,N,,,2026-02-01
초등학교,서연초등학교,경기도 화성시 동탄구 동탄대로4가길 25,경기도 화성시 동탄구 장지동 979번지,37.15976339,127.1137726,경기도 화성시 동탄구 경제교통과,화성동탄경찰서,N,,,2026-02-01
초등학교,석우초등학교,경기도 화성시 동탄구 동탄시범한빛길 32,경기도 화성시 동탄구 반송동 20번지,37.20927868,127.0681992,경기도 화성시 동탄구 경제교통과,화성동탄경찰서,N,,,2026-02-01
초등학교,석천초등학교,경기도 화성시 만세구 우정읍 석천길 52,경기도 화성시 만세구 우정읍 석천리 52-3번지,37.05515175,126.7887413,경기도 화성시 만세구 경제교통과,화성서부경찰서,N,,,2026-02-01
어린이집,성심어린이집,경기도 화성시 만세구 향남읍 은행나무로 807-24,경기도 화성시 만세구 향남읍 하길리 1376-1번지,37.11982751,126.9154631,경기도 화성시 만세구 경제교통과,화성서부경찰서,N,,,2026-02-01
초등학교,세정초등학교,경기도 화성시 동탄구 동탄순환대로12길 74,경기도 화성시 동탄구 산척동 408-5번지,37.16678823,127.1260411,경기도 화성시 동탄구 경제교통과,화성동탄경찰서,N,,,2026-02-01
유치원,세진유치원,경기도 화성시 만세구 팔탄면 삼천병마로 553-6,경기도 화성시 만세구 팔탄면 가재리 276-5번지,37.15901029,126.9284772,경기도 화성시 만세구 경제교통과,화성서부경찰서,N,,,2026-02-01
유치원,솔빛유치원,경기도 화성시 동탄구 동탄중앙로 122,경기도 화성시 동탄구 반송동 139-3번지,37.19630921,127.0705288,경기도 화성시 동탄구 경제교통과,화성동탄경찰서,N,,,2026-02-01
초등학교,솔빛초등학교,경기도 화성시 동탄구 동탄반석로 84,경기도 화성시 동탄구 반송동 133번지,37.1967436,127.0737903,경기도 화성시 동탄구 경제교통과,화성동탄경찰서,N,,,2026-02-01
초등학교,송라초등학교,경기도 화성시 만세구 매송면 푸른들판로 1970-16,경기도 화성시 만세구 매송면 송라리 585번지,37.27306194,126.8886245,경기도 화성시 만세구 경제교통과,화성서부경찰서,N,,,2026-02-01
초등학교,송린초등학교,경기도 화성시 만세구 수노을1로 253,경기도 화성시 만세구 새솔동 24번지,37.27823129,126.8241504,경기도 화성시 만세구 경제교통과,화성서부경찰서,N,,,2026-02-01
초등학교,송산초등학교,경기도 화성시 만세구 송산면 사강시장길 15-9,경기도 화성시 만세구 송산면 사강리 701번지,37.21463742,126.7319598,경기도 화성시 만세구 경제교통과,화성서부경찰서,N,,,2026-02-01
초등학교,송화초등학교,경기도 화성시 병점구 병점중앙로35번길 42,경기도 화성시 병점구 병점동 465-5번지,37.20184656,127.0396665,경기도 화성시 병점구 안전건설과,화성동탄경찰서,N,,,2026-02-01
초등학교,수기초등학교,경기도 화성시 효행구 봉담읍 수기웃말길 27,경기도 화성시 효행구 봉담읍 수기리 34-4번지,37.20162367,126.9813231,경기도 화성시 효행구 안전건설과,화성서부경찰서,N,,,2026-02-01
어린이집,수노을시립어린이집,경기도 화성시 만세구 수노을중앙로 178,경기도 화성시 만세구 새솔동 98번지,37.2812001,126.8187769,경기도 화성시 만세구 경제교통과,화성서부경찰서,N,,,2026-02-01
초등학교,수영초등학교,경기도 화성시 효행구 봉담읍 수영로 63,경기도 화성시 효행구 봉담읍 수영리 143-1번지,37.23617759,126.9542831,경기도 화성시 효행구 안전건설과,화성서부경찰서,N,,,2026-02-01
유치원,수현유치원,경기도 화성시 효행구 봉담읍 상리3길 104,경기도 화성시 효행구 봉담읍 수영리 687번지,37.22832373,126.9498687,경기도 화성시 효행구 안전건설과,화성서부경찰서,N,,,2026-02-01
초등학교,수현초등학교,경기도 화성시 효행구 봉담읍 상리3길 110,경기도 화성시 효행구 봉담읍 수영리 614-8번지,37.22709988,126.950565,경기도 화성시 효행구 안전건설과,화성서부경찰서,N,,,2026-02-01
초등학교,숲속초등학교,경기도 화성시 동탄구 동탄공원로2길 10,경기도 화성시 동탄구 반송동 56번지,37.20611415,127.060485,경기도 화성시 동탄구 경제교통과,화성동탄경찰서,N,,,2026-02-01
어린이집,시립구문천어린이집,경기도 화성시 만세구 향남읍 발안공단로5길 14,경기도 화성시 만세구 향남읍 구문천리 929-18번지,37.08567333,126.9053525,경기도 화성시 만세구 경제교통과,화성서부경찰서,N,,,2026-02-01
어린이집,시립맘e편한어린이집,경기도 화성시 효행구 봉담읍 상리1길 127,경기도 화성시 효행구 봉담읍 상리 668번지 이편한세상신봉담,37.22886148,126.940412,경기도 화성시 효행구 안전건설과,화성서부경찰서,N,,,2026-02-01
어린이집,시립새솔하나어린이집,경기도 화성시 만세구 수노을중앙로 340,경기도 화성시 만세구 새솔동 160번지,37.2735049,126.8324112,경기도 화성시 만세구 경제교통과,화성서부경찰서,N,,,2026-02-01
어린이집,시립숲속어린이집,경기도 화성시 동탄구 동탄숲속로 69-30,경기도 화성시 동탄구 능동 1118번지,37.2096674,127.0571265,경기도 화성시 동탄구 경제교통과,화성동탄경찰서,N,,,2026-02-01
어린이집,시립영천어린이집,경기도 화성시 동탄구 동탄영천로 92,경기도 화성시 동탄구 영천동 867번지,37.21082773,127.1039675,경기도 화성시 동탄구 경제교통과,화성동탄경찰서,N,,,2026-02-01
어린이집,시립향남어린이집,경기도 화성시 만세구 향남읍 행정서로3길 54-8,경기도 화성시 만세구 향남읍 행정리 437-4번지,37.13043385,126.9190969,경기도 화성시 만세구 경제교통과,화성서부경찰서,N,,,2026-02-01
유치원,시연유치원,경기도 화성시 효행구 봉담읍 동화길 61,경기도 화성시 효행구 봉담읍 동화리 592번지,37.21816108,126.9562775,경기도 화성시 효행구 안전건설과,화성서부경찰서,N,,,2026-02-01
초등학교,신남초등학교,경기도 화성시 만세구 남양읍 화성시 만세구청역로 2,경기도 화성시 만세구 남양읍 신남리 38-17번지,37.19137919,126.8177612,경기도 화성시 만세구 경제교통과,화성서부경찰서,N,,,2026-02-01
초등학교,신동초등학교,경기도 화성시 동탄구 동탄신동1길 11,경기도 화성시 동탄구 신동 산187-1번지,37.17490244,127.1310568,경기도 화성시 동탄구 경제교통과,화성동탄경찰서,N,,,2026-02-01
유치원,썬샤인유치원,경기도 화성시 만세구 노들길 19-45,경기도 화성시 만세구 새솔동 113번지,37.27807721,126.8200678,경기도 화성시 만세구 경제교통과,화성서부경찰서,N,,,2026-02-01
어린이집,아이네오어린이집,경기도 화성시 효행구 봉담읍 오래1길 24,경기도 화성시 효행구 봉담읍 동화리 555-1번지,37.22131787,126.9549851,경기도 화성시 효행구 안전건설과,화성서부경찰서,N,,,2026-02-01
어린이집,아이랜드어린이집,경기도 화성시 만세구 장안면 기아자동차로 786-5,경기도 화성시 만세구 장안면 사곡리 169-1번지,37.07559983,126.8155919,경기도 화성시 만세구 경제교통과,화성서부경찰서,N,,,2026-02-01
유치원,아이숲유치원,경기도 화성시 동탄구 동탄대로12길 57,경기도 화성시 동탄구 오산동 1045번지,37.18197701,127.1090017,경기도 화성시 동탄구 경제교통과,화성동탄경찰서,N,,,2026-02-01
초등학교,아인초등학교,경기도 화성시 동탄구 동탄대로시범길 219,경기도 화성시 동탄구 청계동 515번지,37.20081011,127.1052936,경기도 화성시 동탄구 경제교통과,화성동탄경찰서,N,,,2026-02-01
유치원,아침해유치원,경기도 화성시 만세구 남양읍 시청로32번길 74-2,경기도 화성시 만세구 남양읍 남양리 2309-4번지,37.20111897,126.8216157,경기도 화성시 만세구 경제교통과,화성서부경찰서,N,,,2026-02-01
어린이집,아해뜰어린이집,경기도 화성시 병점구 안녕북길 27,경기도 화성시 병점구 안녕동 180-93번지,37.20719389,126.9831869,경기도 화성시 병점구 안전건설과,화성동탄경찰서,N,,,2026-02-01
초등학교,,경기도 화성시 병점구 화산로 2,경기도 화성시 병점구 안녕동 50-8번지,37.20589222,127.0085343,경기도 화성시 병점구 안전건설과,화성동탄경찰서,N,,,2026-02-01
초등학교,안화초등학교,경기도 화성시 병점구 병점3로 132-5,경기도 화성시 병점구 병점동 851번지,37.21284997,127.0473692,경기도 화성시 병점구 안전건설과,화성동탄경찰서,N,,,2026-02-01
초등학교,양감초등학교,경기도 화성시 만세구 양감면 초록로 49,경기도 화성시 만세구 양감면 신왕리 475-1번지,37.08148848,126.951662,경기도 화성시 만세구 경제교통과,화성서부경찰서,N,,,2026-02-01
초등학교,여울초등학교,경기도 화성시 동탄구 동탄감배산로 95,경기도 화성시 동탄구 오산동 987번지,37.19510443,127.0889442,경기도 화성시 동탄구 경제교통과,화성동탄경찰서,N,,,2026-02-01
유치원,영천유치원,경기도 화성시 동탄구 동탄순환대로29길 46,경기도 화성시 동탄구 영천동 674번지,37.20507243,127.1073242,경기도 화성시 동탄구 경제교통과,화성동탄경찰서,N,,,2026-02-01
초등학교,영천초등학교,경기도 화성시 동탄구 동탄영천로 36,경기도 화성시 동탄구 영천동 671번지,37.20571176,127.1045574,경기도 화성시 동탄구 경제교통과,화성동탄경찰서,N,,,2026-02-01
초등학교,예당초등학교,경기도 화성시 동탄구 동탄반석로 245,경기도 화성시 동탄구 석우동 54번지,37.21058745,127.0752137,경기도 화성시 동탄구 경제교통과,화성동탄경찰서,N,,,2026-02-01
초등학교,예솔초등학교,경기도 화성시 동탄구 동탄순환대로22길 13,경기도 화성시 동탄구 청계동 553번지,37.19655044,127.1193973,경기도 화성시 동탄구 경제교통과,화성동탄경찰서,N,,,2026-02-01
유치원,예원유치원,경기도 화성시 병점구 동탄숲속로35번길 26-14,경기도 화성시 병점구 능동 479번지,37.21178196,127.0522932,경기도 화성시 병점구 안전건설과,화성동탄경찰서,N,,,2026-02-01
초등학교,예원초등학교,경기도 화성시 동탄구 동탄반석로 259,경기도 화성시 동탄구 석우동 52번지,37.21116575,127.076189,경기도 화성시 동탄구 경제교통과,화성동탄경찰서,N,,,2026-02-01
유치원,예일유치원,경기도 화성시 효행구 기안남로 21,경기도 화성시 효행구 기안동 908번지,37.22021075,126.9869214,경기도 화성시 효행구 안전건설과,화성동탄경찰서,N,,,2026-02-01
유치원,오즈의마법사유치원,경기도 화성시 동탄구 금반1길 14-17,경기도 화성시 동탄구 반송동 175-1번지,37.18828484,127.069693,경기도 화성시 동탄구 경제교통과,화성동탄경찰서,N,,,2026-02-01
초등학교,와우초등학교,경기도 화성시 효행구 봉담읍 식골길 14,경기도 화성시 효행구 봉담읍 동화리 188번지,37.22010434,126.9719098,경기도 화성시 효행구 안전건설과,화성서부경찰서,N,,,2026-02-01
초등학교,왕배초등학교,경기도 화성시 동탄구 동탄대로12길 101,경기도 화성시 동탄구 목동 446번지,37.18014215,127.1135575,경기도 화성시 동탄구 경제교통과,화성동탄경찰서,N,,,2026-02-01
유치원,우림유치원,경기도 화성시 만세구 남양읍 남양성지로 22-4,경기도 화성시 만세구 남양읍 남양리 415-4번지,37.2051909,126.8062897,경기도 화성시 만세구 경제교통과,화성서부경찰서,N,,,2026-02-01
초등학교,우정초등학교,경기도 화성시 만세구 우정읍 버들로 138-10,경기도 화성시 만세구 우정읍 조암리 631-1번지,37.08139474,126.8001499,경기도 화성시 만세구 경제교통과,화성서부경찰서,N,,,2026-02-01
초등학교,월문초등학교,경기도 화성시 만세구 팔탄면 버들로 1537,경기도 화성시 만세구 팔탄면 월문리 192번지,37.11888442,126.8726594,경기도 화성시 만세구 경제교통과,화성서부경찰서,N,,,2026-02-01
초등학교,율목초등학교,경기도 화성시 병점구 영통로50번길 19,경기도 화성시 병점구 반월동 879번지,37.23705501,127.0643588,경기도 화성시 병점구 안전건설과,화성동탄경찰서,N,,,2026-02-01
어린이집,으뜸어린이집,경기도 화성시 병점구 용주로12번길 18,경기도 화성시 병점구 송산동 100-100번지,37.20677925,127.0162989,경기도 화성시 병점구 안전건설과,화성동탄경찰서,N,,,2026-02-01
유치원,이룸유치원,경기도 화성시 만세구 향남읍 상신초교길 37,경기도 화성시 만세구 향남읍 상신리 846번지,37.09496336,126.9025858,경기도 화성시 만세구 경제교통과,화성서부경찰서,N,,,2026-02-01
초등학교,이솔초등학교,경기도 화성시 동탄구 동탄순환대로8길 26,경기도 화성시 동탄구 장지동 967번지,37.16329863,127.1097225,경기도 화성시 동탄구 경제교통과,화성동탄경찰서,N,,,2026-02-01
유치원,이지유치원,경기도 화성시 만세구 향남읍 행정동로 42,경기도 화성시 만세구 향남읍 행정리 484번지,37.12781567,126.9272596,경기도 화성시 만세구 경제교통과,화성서부경찰서,N,,,2026-02-01
유치원,이화유치원,경기도 화성시 효행구 봉담읍 시냇말길 38,경기도 화성시 효행구 봉담읍 분천리 54-7번지,37.20988935,126.9592874,경기도 화성시 효행구 안전건설과,화성서부경찰서,N,,,2026-02-01
유치원,자연유치원,경기도 화성시 병점구 영통로61번길 30-30,경기도 화성시 병점구 반월동 865-3번지,37.23349554,127.0574921,경기도 화성시 병점구 안전건설과,화성동탄경찰서,N,,,2026-02-01
초등학교,장명초등학교,경기도 화성시 만세구 장안면 장명길 19-8,경기도 화성시 만세구 장안면 장안리 152번지,37.05658023,126.8521592,경기도 화성시 만세구 경제교통과,화성서부경찰서,N,,,2026-02-01
초등학교,장안초등학교,경기도 화성시 만세구 장안면 조암동로 8-5,경기도 화성시 만세구 장안면 어은리 812번지,37.08604329,126.823874,경기도 화성시 만세구 경제교통과,화성서부경찰서,N,,,2026-02-01
초등학교,장안초석포분교,경기도 화성시 만세구 장안면 버들로 1201-9,경기도 화성시 만세구 장안면 석포리 404번지,37.1312127,126.8407081,경기도 화성시 만세구 경제교통과,화성서부경찰서,N,,,2026-02-01
어린이집,장지하나어린이집,경기도 화성시 동탄구 동탄대로1길 77,경기도 화성시 동탄구 장지동 945번지,37.16067763,127.0960102,경기도 화성시 동탄구 경제교통과,화성동탄경찰서,N,,,2026-02-01
어린이집,재크와콩나무어린이집,경기도 화성시 병점구 병점동로42번길 13-3,경기도 화성시 병점구 병점동 259-2번지,37.20914029,127.0445003,경기도 화성시 병점구 안전건설과,화성동탄경찰서,N,,,2026-02-01
초등학교,정남초등학교,경기도 화성시 효행구 정남면 만년로 516,경기도 화성시 효행구 정남면 발산리 409-1번지,37.1678223,126.9841516,경기도 화성시 효행구 안전건설과,화성동탄경찰서,N,,,2026-02-01
초등학교,정림초등학교,경기도 화성시 효행구 정남면 망월길 69,경기도 화성시 효행구 정남면 망월리 329-1번지,37.1530421,127.0116502,경기도 화성시 효행구 안전건설과,화성동탄경찰서,N,,,2026-02-01
초등학교,정현초등학교,경기도 화성시 동탄구 동탄산척로 122,경기도 화성시 동탄구 산척동 산126,37.17144705,127.1132953,경기도 화성시 동탄구 경제교통과,화성동탄경찰서,N,,,2026-02-01
초등학교,제암초등학교,경기도 화성시 만세구 향남읍 발안서로 21,경기도 화성시 만세구 향남읍 발안리 299번지,37.13115334,126.9021135,경기도 화성시 만세구 경제교통과,화성서부경찰서,N,,,2026-02-01
특수학교,지구촌교육공동체,경기도 화성시 동탄구 경기동로 519,경기도 화성시 동탄구 장지동 861-2번지,37.15034584,127.1270703,경기도 화성시 동탄구 경제교통과,화성동탄경찰서,N,,,2026-02-01
어린이집,지니어스숲어린이집,경기도 화성시 효행구 봉담읍 효행로291번길 6-10,경기도 화성시 효행구 봉담읍 와우리 147-3번지,37.22181185,126.9754235,경기도 화성시 효행구 안전건설과,화성서부경찰서,N,,,2026-02-01
유치원,지은유치원,경기도 화성시 만세구 향남읍 서해로535번길 33-12,경기도 화성시 만세구 향남읍 상신리 87-12번지,37.11274932,126.8986006,경기도 화성시 만세구 경제교통과,화성서부경찰서,N,,,2026-02-01
어린이집,진안어린이집,경기도 화성시 병점구 병점동로148번길 12,경기도 화성시 병점구 진안동 857-2번지,37.2167379,127.0384406,경기도 화성시 병점구 안전건설과,화성동탄경찰서,N,,,2026-02-01
초등학교,진안초등학교,경기도 화성시 병점구 병점4로 97,경기도 화성시 병점구 진안동 915번지,37.21700472,127.040545,경기도 화성시 병점구 안전건설과,화성동탄경찰서,N,,,2026-02-01
어린이집,진주숲어린이집,경기도 화성시 효행구 봉담읍 삼봉길 14,경기도 화성시 효행구 봉담읍 상리 258-1번지,37.22434074,126.9360489,경기도 화성시 효행구 안전건설과,화성서부경찰서,N,,,2026-02-01
유치원,참유치원,경기도 화성시 병점구 병점2로 45,경기도 화성시 병점구 병점동 813번지,37.20702093,127.0415271,경기도 화성시 병점구 안전건설과,화성동탄경찰서,N,,,2026-02-01
유치원,청계유치원,경기도 화성시 동탄구 동탄대로시범길 199,경기도 화성시 동탄구 청계동 531-5번지,37.20107872,127.1078924,경기도 화성시 동탄구 경제교통과,화성동탄경찰서,N,,,2026-02-01
초등학교,청룡초등학교,경기도 화성시 효행구 비봉면 주석로 610,경기도 화성시 효행구 비봉면 청요리 571번지,37.20084555,126.8886257,경기도 화성시 효행구 안전건설과,화성서부경찰서,N,,,2026-02-01
초등학교,청림초등학교,경기도 화성시 동탄구 동탄산척로 93-22,경기도 화성시 동탄구 산척동 704번지,37.17458716,127.1113568,경기도 화성시 동탄구 경제교통과,화성동탄경찰서,N,,,2026-02-01
초등학교,청목초등학교,경기도 화성시 동탄구 동탄순환대로21길 10,경기도 화성시 동탄구 청계동 539번지,37.19574831,127.1174309,경기도 화성시 동탄구 경제교통과,화성동탄경찰서,N,,,2026-02-01
초등학교,청원초등학교,경기도 화성시 만세구 마도면 해운로 794,경기도 화성시 만세구 마도면 청원리 228-4번지,37.18820787,126.7608922,경기도 화성시 만세구 경제교통과,화성서부경찰서,N,,,2026-02-01
초등학교,치동초등학교,경기도 화성시 동탄구 동탄순환대로 881-34,경기도 화성시 동탄구 영천동 789번지,37.20655283,127.0915676,경기도 화성시 동탄구 경제교통과,화성동탄경찰서,N,,,2026-02-01
초등학교,태안초등학교,경기도 화성시 병점구 병점3로 77,경기도 화성시 병점구 병점동 824번지,37.21065951,127.0408656,경기도 화성시 병점구 안전건설과,화성동탄경찰서,N,,,2026-02-01
초등학교,팔탄초대방분교,경기도 화성시 만세구 팔탄면 노하길 398,경기도 화성시 만세구 팔탄면 노하리 173-1번지,37.16190364,126.8701572,경기도 화성시 만세구 경제교통과,화성서부경찰서,N,,,2026-02-01
초등학교,팔탄초등학교,경기도 화성시 만세구 팔탄면 마당바위로31번길 6,경기도 화성시 만세구 팔탄면 구장리 522-1번지,37.16005653,126.9023219,경기도 화성시 만세구 경제교통과,화성서부경찰서,N,,,2026-02-01
어린이집,푸른밭어린이집(동그라미유치원),경기도 화성시 효행구 효행로265번길 42,경기도 화성시 효행구 기안동 363-2번지,37.22484796,126.9753986,경기도 화성시 효행구 안전건설과,화성동탄경찰서,N,,,2026-02-01
어린이집,푸른솔어린이집,경기도 화성시 효행구 봉담읍 오궁길 44,경기도 화성시 효행구 봉담읍 수기리 1-62번지,37.20628107,126.979588,경기도 화성시 효행구 안전건설과,화성서부경찰서,N,,,2026-02-01
초등학교,푸른초등학교,경기도 화성시 동탄구 동탄공원로 21-38,경기도 화성시 동탄구 능동 1136번지,37.20238958,127.0552946,경기도 화성시 동탄구 경제교통과,화성동탄경찰서,N,,,2026-02-01
어린이집,풀향기어린이집,경기도 화성시 효행구 봉담읍 최루백로 111-8,경기도 화성시 효행구 봉담읍 분천리 2번지,37.21310353,126.9558851,경기도 화성시 효행구 안전건설과,화성서부경찰서,N,,,2026-02-01
유치원,하길유치원,경기도 화성시 만세구 향남읍 벌말길 26,경기도 화성시 만세구 향남읍 하길리 1521번지,37.11232525,126.9021047,경기도 화성시 만세구 경제교통과,화성서부경찰서,N,,,2026-02-01
초등학교,하길초등학교,경기도 화성시 만세구 향남읍 상신하길로273번길 45,경기도 화성시 만세구 향남읍 하길리 1-9번지,37.11560646,126.9040759,경기도 화성시 만세구 경제교통과,화성서부경찰서,N,,,2026-02-01
초등학교,학동초등학교,경기도 화성시 동탄구 동탄지성로 79-17,경기도 화성시 동탄구 반송동 81번지,37.20528356,127.0660513,경기도 화성시 동탄구 경제교통과,화성동탄경찰서,N,,,2026-02-01
유치원,학촌유치원,경기도 화성시 효행구 봉담읍 웃음길 62,경기도 화성시 효행구 봉담읍 동화리 588번지,37.21273843,126.9605183,경기도 화성시 효행구 안전건설과,화성서부경찰서,N,,,2026-02-01
초등학교,한마음초등학교,경기도 화성시 동탄구 동탄숲속로 69-6,경기도 화성시 동탄구 능동 1117번지,37.20859344,127.0563591,경기도 화성시 동탄구 경제교통과,화성동탄경찰서,N,,,2026-02-01
초등학교,한백초등학교,경기도 화성시 동탄구 동탄순환대로26길 37,경기도 화성시 동탄구 영천동 715번지,37.20834289,127.1147184,경기도 화성시 동탄구 경제교통과,화성동탄경찰서,N,,,2026-02-01
유치원,한빛유치원,경기도 화성시 병점구 병점중앙로35번길 5,경기도 화성시 병점구 병점동 455-11번지,37.20190213,127.0435783,경기도 화성시 병점구 안전건설과,화성동탄경찰서,N,,,2026-02-01
초등학교,한울초등학교,경기도 화성시 만세구 향남읍 행정중앙1로 25,경기도 화성시 만세구 향남읍 행정리 442번지,37.12696147,126.9178538,경기도 화성시 만세구 경제교통과,화성서부경찰서,N,,,2026-02-01
초등학교,한율초등학교,경기도 화성시 동탄구 동탄순환대로 429-10,경기도 화성시 동탄구 목동 490번지,37.18641561,127.1226462,경기도 화성시 동탄구 경제교통과,화성동탄경찰서,N,,,2026-02-01
유치원,해오름유치원,경기도 화성시 병점구 영통로27번길 11-4,경기도 화성시 병점구 반월동 144-16번지,37.2327553,127.0628754,경기도 화성시 병점구 안전건설과,화성동탄경찰서,N,,,2026-02-01
초등학교,해운초등학교,경기도 화성시 만세구 서신면 궁평항로 1374-6,경기도 화성시 만세구 서신면 궁평리 162-4번지,37.14005466,126.7037872,경기도 화성시 만세구 경제교통과,화성서부경찰서,N,,,2026-02-01
특수학교,해원학교,경기도 화성시 만세구 장안면 은골길30번길 43,경기도 화성시 만세구 장안면 어은리 300번지,37.09032006,126.8365509,경기도 화성시 만세구 경제교통과,화성서부경찰서,N,,,2026-02-01
어린이집,해창이레어린이집,경기도 화성시 만세구 팔탄면 해창길 28-5,경기도 화성시 만세구 팔탄면 해창리 37-25번지,37.11017059,126.8805408,경기도 화성시 만세구 경제교통과,화성서부경찰서,N,,,2026-02-01
초등학교,행정초등학교,경기도 화성시 만세구 향남읍 행정중앙1로 77,경기도 화성시 만세구 향남읍 행정리 493번지,37.12664265,126.9236168,경기도 화성시 만세구 경제교통과,화성서부경찰서,N,,,2026-02-01
어린이집,향남아이비어린이집,경기도 화성시 만세구 향남읍 분향동길 38,경기도 화성시 만세구 향남읍 상신리 393-6번지,37.10634952,126.8974505,경기도 화성시 만세구 경제교통과,화성서부경찰서,N,,,2026-02-01
유치원,향남유치원,경기도 화성시 만세구 향남읍 상신하길로196번길 19,경기도 화성시 만세구 향남읍 하길리 335-6번지,37.10617105,126.9076284,경기도 화성시 만세구 경제교통과,화성서부경찰서,N,,,2026-02-01
초등학교,향남초등학교,경기도 화성시 만세구 향남읍 왜골길 7,경기도 화성시 만세구 향남읍 백토리 551번지,37.1196974,126.9429182,경기도 화성시 만세구 경제교통과,화성서부경찰서,N,,,2026-02-01
어린이집,현대자동차남양연구소어린이집,경기도 화성시 만세구 남양읍 남양로621번길 40,경기도 화성시 만세구 남양읍 남양리 1842번지,37.19843736,126.8234386,경기도 화성시 만세구 경제교통과,화성서부경찰서,N,,,2026-02-01
초등학교,호연초등학교,경기도 화성시 동탄구 동탄대로3길 17-7,경기도 화성시 동탄구 장지동 925번지,37.16277708,127.1046985,경기도 화성시 동탄구 경제교통과,화성동탄경찰서,N,,,2026-02-01
초등학교,화남초등학교,경기도 화성시 동탄구 동탄순환대로4길 16,경기도 화성시 동탄구 장지동 910-411번지,37.16385863,127.0960355,경기도 화성시 동탄구 경제교통과,화성동탄경찰서,N,,,2026-02-01
초등학교,화산초등학교,경기도 화성시 병점구 화산중앙로64번길 17,경기도 화성시 병점구 송산동 146-9번지,37.21142627,127.0135239,경기도 화성시 병점구 안전건설과,화성동탄경찰서,N,,,2026-02-01
특수학교,화성나래학교,경기도 화성시 동탄구 동탄대로10길 11,경기도 화성시 동탄구 산척동 677번지,37.17621191,127.1066895,경기도 화성시 동탄구 경제교통과,화성동탄경찰서,N,,,2026-02-01
초등학교,화성반월초등학교,경기도 화성시 병점구 효행로 1281-23,경기도 화성시 병점구 반월동 947번지,37.22359053,127.0592691,경기도 화성시 병점구 안전건설과,화성동탄경찰서,N,,,2026-02-01
어린이집,화성시거점형공공직장어린이집,경기도 화성시 동탄구 동탄기흥로 593-32,경기도 화성시 동탄구 영천동 829번지,37.21252504,127.0915383,경기도 화성시 동탄구 경제교통과,화성동탄경찰서,N,,,2026-02-01
초등학교,화성청계초등학교,경기도 화성시 동탄구 동탄대로시범길 39,경기도 화성시 동탄구 청계동 518번지,37.199192,127.1021055,경기도 화성시 동탄구 경제교통과,화성동탄경찰서,N,,,2026-02-01
초등학교,화수초등학교,경기도 화성시 만세구 우정읍 화수동길 145,경기도 화성시 만세구 우정읍 화수리 834-13번지,37.10913579,126.7970297,경기도 화성시 만세구 경제교통과,화성서부경찰서,N,,,2026-02-01
초등학교,화원초등학교,경기도 화성시 만세구 향남읍 하길로 59,경기도 화성시 만세구 향남읍 하길리 1506번지,37.11170675,126.9190641,경기도 화성시 만세구 경제교통과,화성서부경찰서,N,,,2026-02-01
초등학교,활초초등학교,경기도 화성시 만세구 남양읍 안석길111번길 106,경기도 화성시 만세구 남양읍 안석리 232-1번지,37.17877654,126.8250998,경기도 화성시 만세구 경제교통과,화성서부경찰서,N,,,2026-02-01
초등학교,효행초등학교,경기도 화성시 효행구 봉담읍 와우로 16,경기도 화성시 효행구 봉담읍 와우리 592번지,37.21596526,126.9682874,경기도 화성시 효행구 안전건설과,화성서부경찰서,N,,,2026-02-01
대안학교,예수향남기독학교,경기도 화성시 만세구 향남읍 서봉로 117,경기도 화성시 만세구 만세구 향남읍 하길리 666-13번지,37.1025824,126.9155515,경기도 화성시 만세구 경제교통과,화성서부경찰서,N,,,2026-02-01
초등학교,청연초등학교,경기도 화성시 효행구 비봉면 새비봉서로 68,경기도 화성시 효행구 비봉면 삼화리 1854번지,37.24633418,126.8673748,경기도 화성시 효행구 안전건설과,화성서부경찰서,N,,,2026-02-01
초등학교,화성바른초등학교,경기도 화성시 동탄구 동탄신동5길 7,경기도 화성시 동탄구 신동 733번지,37.181805,127.139219,경기도 화성시 동탄구 경제교통과,화성서부경찰서,N,,,2026-02-01
초등학교,현민초등학교,경기도 화성시 동탄구 동탄신리천로3길 11,경기도 화성시 동탄구 신동 205-18번지,37.182575,127.130073,경기도 화성시 동탄구 경제교통과,화성서부경찰서,N,,,2026-02-01